Job Title,Company,Location
Sap BW&Hana&ABAP,Macropace Technologies,Bengaluru / Bangalore
Full Stack Developer / UI Developer,Renovision Automation Services Private Limited,Bengaluru / Bangalore
Php developer,Infopro solutions pvt ltd,Noida
PHP Developer,Codenia Technologies LLP,Noida
Senior Mulesoft Developer,Numeric Technologies Incorporation,Bengaluru / Bangalore
Job opening for 5 requirement SAP,Xytiq Technologies Private Limited,Bengaluru / Bangalore
Full Stack Developer,Intellect Design Arena Limited,"Chennai, Hyderabad / Secunderabad"
iOS developer,Sanda Office Management Services Private Limited,"Mumbai, Mumbai City, Navi Mumbai"
Senior Software Developer,Angel And Genie,Mysore
IT job openings for freshers and experiences,Freelancer Pallapothu Srikrishna,"Chennai, Hyderabad / Secunderabad"
Software Developer,Muskaan Parveen (Proprietor Of Muskan Industry),Surat
Software Developer,GREEN CATALYSATOR IT INDIA PRIVATE LIMITED,"Bengaluru / Bangalore, Coimbatore"
Senior Frontend Developer,Phases India,Cochin / Kochi / Ernakulam
Java Developer,Canopy One Solutions Inc,"Bengaluru / Bangalore, Chennai"
Sql Server Developer,IT-Scient Consulting Private Limited,Pune
"Senior Application Engineer , Pune location, 4-8 years Relevant experience",Global Management And Services,Pune
Java Developer/ Java Lead,Brace infotech private limited,Bengaluru / Bangalore
Java Developer,IT-Scient Consulting Private Limited,Pune
Full Stack Developer,Kavya Management Services,Delhi
PLSQL Developer_Pune_Amdocs_ C2H Position,Quess IT Staffing (Formerly known as Magna Infotech),Pune
Full Stack Developer,Infopro solutions pvt ltd,"Mangalore, Udupi"
Unix Developer,IT-Scient Consulting Private Limited,Pune
ASP.NET Developer,Xecom Information Technologies Private Limited,Pune
Junior Software Developer - Distributed Computing,Yashodha S M (Proprietor Of Co Inter Technology),Chennai
Django Developer,Musubi Management Private Limited,Bengaluru / Bangalore
Lead Software Engineer (iOS),Crestron Software Development India Private Limited,Bengaluru / Bangalore
Java Microservices Jr. Consultant,URS Systems Private Limited,Bengaluru / Bangalore
SAP PPDS Consultant,Numeric Technologies Incorporation,Hyderabad / Secunderabad
Reuired urgently python Developer for Andheri location,Company Name Confidential,"Mumbai, Mumbai City, Navi Mumbai, Thane"
Java Microservices Jr. Consultant,URS Systems Private Limited,Bengaluru / Bangalore
Ab Initio Developer,IT-Scient Consulting Private Limited,"Chennai, Pune"
Software Developer,Muskaan Parveen (Proprietor Of Muskan Industry),Allahabad / Prayagraj
Software Engineer For Freshers,Bharat Service,Bengaluru / Bangalore
Java Testing | SDET,URS Systems Private Limited,Bengaluru / Bangalore
Software Testing Engineer,Infomedia Solutions And Consultant,Pune
Senior Developer,Company Name Confidential,Madurai
Software Developer,TalentFirst HR Consulting Private Limited,Bengaluru / Bangalore
Software Developer,Shaft Software Solutions Private Limited,Bengaluru / Bangalore
Software Developer,Muskaan Parveen (Proprietor Of Muskan Industry),Surat
Opportunity for Software Developers in Germany,Ameuro Migration Private Limited,Germany
Senior Frontend Developer,Phases India,Cochin / Kochi / Ernakulam
Java Developer,Canopy One Solutions Inc,"Bengaluru / Bangalore, Chennai"
Java Developer,IT-Scient Consulting Private Limited,Pune
Sql Server Developer,IT-Scient Consulting Private Limited,Pune
Full Stack Developer,Kavya Management Services,Delhi
"Senior Application Engineer , Pune location, 4-8 years Relevant experience",Global Management And Services,Pune
Java Developer/ Java Lead,Brace infotech private limited,Bengaluru / Bangalore
PLSQL Developer_Pune_Amdocs_ C2H Position,Quess IT Staffing (Formerly known as Magna Infotech),Pune
Unix Developer,IT-Scient Consulting Private Limited,Pune
Full Stack Developer,Infopro solutions pvt ltd,"Mangalore, Udupi"
Full Stack Developer ASP.NET ( Contract),Talent Basket,Thiruvananthapuram / Trivandrum
Dotnet Developer or .Net developer,Klaus It Solutions Private Limited,Bengaluru / Bangalore
Software Developer Fresher,Solitaire Infotech Solution,"Mumbai, Mumbai City"
Software Engineer For Freshers,Company Name Confidential,"Bengaluru / Bangalore, Chennai"
C# Opportunity,Havey Solutions,Bengaluru / Bangalore
Sr. Full Stack Dev (Microservices using Java Spring Framework),Concentrix Daksh Services India Private Limited,"Bengaluru / Bangalore, Chennai"
"IOS Application Developer - Thirdware Solutions (ford), Chennai",Thirdware Solutions Limited,Chennai
Sr. Software Engineer,Search Engine Ranking System Consultants Private Limited,"Bengaluru / Bangalore, Kolkata"
Junior Developer,Company Name Confidential,Madurai
Tableau Developer,IT-Scient Consulting Private Limited,Pune
Excellent job opportunity for Oracle PLSQL with our MNC Client!!,Access Automation Private Limited,Bengaluru / Bangalore
Software Testing Engineer,Infomedia Solutions And Consultant,Pune
Java Developers,Solitaire Infotech Solution,Hyderabad / Secunderabad
Software Engineer Front End-Scout Enterprises,C P Careers Private Limited,"Bengaluru / Bangalore, Chennai"
Senior Software Engineer (C++),C P Careers Private Limited,Bengaluru / Bangalore
Duck Creek policy,Saransh Software Solutions Private Limited,"Bengaluru / Bangalore, Chennai"
Java Develper,IT-Scient Consulting Private Limited,"Kolkata, Pune"
Software Developer Required In Canada / Netherlands,Proximity Immigration Private Limited,"Australia, Canada"
Java Developer,IT-Scient Consulting Private Limited,"Kolkata, Pune"
Devops Engineer,Infopro solutions pvt ltd,"Mangalore, Udupi"
Big Data Hadoop,Corascent,"Bengaluru / Bangalore, Pune"
Salesforce Developer,Sunsea E Services Private Limited,"Chennai, Hyderabad / Secunderabad"
Angular Developer,Gautam Khetawat (Proprietor of Gautam Enterprises),Kolkata
Desktop Support Engineer,Solitaire Infotech Solution,Akola
Power BI Developer,Millennium Ims Private Limited,Bengaluru / Bangalore
Software Developer / Sr. Software Developer (Shopify),Vitalhunt Global Solutions Private Limited,Pune
Java Developer,The NaukriWala,Pune
Software Developer /website Developer,Max Business Consultancy Private Limited,Cuddalore
Junior SQL DBA,Yashodha S M (Proprietor Of Co Inter Technology),Chennai
Opportunity for Software Developers in Germany,Ameuro Migration Private Limited,Germany
Associate Software Developer,Acute Informatics Private Limited,Ahmedabad
Software Developer,Muskaan Parveen (Proprietor Of Muskan Industry),Thrissur
Senior Shopify Developer,Vitalhunt Global Solutions Private Limited,Pune
computer operator,Muskaan Parveen (Proprietor Of Muskan Industry),Cochin / Kochi / Ernakulam
Java springboot developer - Immediate only,Perficient India Private Limited,"Bengaluru / Bangalore, Chennai"
Web Designer,Minda Solution Tech Mark,Cuddalore
Node JS Developer,URS Systems Private Limited,"Bengaluru / Bangalore, Noida"
Angular Developer,IT-Scient Consulting Private Limited,"Kolkata, Pune"
Node JS Developer,URS Systems Private Limited,"Bengaluru / Bangalore, Noida"
Software Engineer,Sunquest Information Systems (India) Private Limited,"Bengaluru / Bangalore, Kolkata"
UI Developer with React js,IT-Scient Consulting Private Limited,"Bengaluru / Bangalore, Hyderabad / Secunderabad"
Hadoop Developer,IT-Scient Consulting Private Limited,Chennai
Software Engineer For Freshers,Bharat Service,Mumbai
Senior Full Stack Developer,Millennium Ims Private Limited,Bengaluru / Bangalore
Mulesoft Developer,IT-Scient Consulting Private Limited,Bengaluru / Bangalore
Odoo Developer,Paskon (India) Private Limited,Bengaluru / Bangalore
Sr. BI Developer Opening.,V Employment Solutions,"Delhi, Gurgaon / Gurugram"
Php developer,ISOLS Group Private Limited,Delhi
Salesforce Developer,Quess IT Staffing (Formerly known as Magna Infotech),"Bengaluru / Bangalore, Pune"
Software Engineer For Freshers,Bharat Service,Bengaluru / Bangalore
Software Engineer For Freshers,Bharat Service,Delhi
Full Stack Developer,Quess IT Staffing (Formerly known as Magna Infotech),"Bengaluru / Bangalore, Pune"
Mobile Developer,Muskaan Parveen (Proprietor Of Muskan Industry),Chennai
data entry,Muskaan Parveen (Proprietor Of Muskan Industry),Bhopal
Java/J2EE Developer,IT-Scient Consulting Private Limited,"Bengaluru / Bangalore, Hyderabad / Secunderabad"
Full Stack Developer | React JS,URS Systems Private Limited,"Bengaluru / Bangalore, Pune"
Mainframe WSG Developer - Bangalore -CMMI Level 5 company - Permanent - 6.5 Lakhs Max CTC,SummitWorks Technologies Private Limited,Bengaluru / Bangalore
Senior Sharepoint Developer,Star Knowledge Ventures LLP,Hyderabad / Secunderabad
ASP .Net Developer,IT-Scient Consulting Private Limited,Hyderabad / Secunderabad
Magento Lead,Jiva Internet Solutions Private Limited,Hyderabad / Secunderabad
Big Data Developer,Quess IT Staffing (Formerly known as Magna Infotech),"Mumbai, Navi Mumbai"
Software Engineer For Freshers,Bharat Service,Bengaluru / Bangalore
Game Developer,Gamenexa Studios Private Limited,Hyderabad / Secunderabad
Java Developer,HR Factor,Hyderabad / Secunderabad
iOS developer,Sanda Office Management Services Private Limited,Mumbai
Salesforce Developer,IT-Scient Consulting Private Limited,Bengaluru / Bangalore
Mulesoft Developer,IT-Scient Consulting Private Limited,Bengaluru / Bangalore
Excellent job opportunity for Backend java with our MNC Client!!,Access Automation Private Limited,Bengaluru / Bangalore
Software Engineer For Freshers,Bharat Service,Delhi
Sr Web Developer (PHP Node.js Angular React ),Effectual Infotech Private Limited,"Mohali, Chandigarh"
Opening for Junior .NET Developer - Indore,T & M Services Consulting Private Limited,Indore
Anaplan Consultant,C P Careers Private Limited,"Noida, Mumbai City"
Software Developer,FedEx Trade Networks Transport and Brokerage Private Limited,Hyderabad / Secunderabad
Software Developer,Minda Solution Tech Mark,Kolkata
Long term c2h Position as Mulesoft Developer for Bangalore (Immediate to 7 Days joiners only),Macropace Technologies,Bengaluru / Bangalore
